{
	"plugin_name": "covid19",
	"plugin_scope": "covid19",
	"plugin_exec": "covid19.js",
	"command_map": {
		"covid": {
			"hargs": {
				"vi_VN": "",
				"en_US": ""
			},
			"hdesc": {
				"vi_VN": "Tình hình Covid-19 của Việt Nam",
				"en_US": ""
			},
			"fscope": "covid19",
			"compatibly": 0
		}
	},
	"author": "Kali",
	"version": "1.0",
	"node_depends": {
		"node-fetch": "*",
		"text2png": "*",
		"luxon": "*",
		"canvas": "*",
		"merge-images": "*",
		"wait-on": "*",
		"fs": "*",
		"path": "*"
	},
	"file_map": {
		"images/gradient.png": "gradient",
		"images/flag.png": "flag",
		"font/arial.ttf": "arial"
	},
	"complied_for": "0.3.0"
}